电影名,评分,地区,类型,链接,图片
肖申克的救赎,9.7,美国,剧情,https://movie.douban.com/subject/1292052/,https://img3.doubanio.com/view/photo/s_ratio_poster/public/p480747492.jpg
电影名,评分,地区,类型,链接,图片
控方证人,9.6,美国,剧情,https://movie.douban.com/subject/1296141/,https://img1.doubanio.com/view/photo/s_ratio_poster/public/p1505392928.jpg
电影名,评分,地区,类型,链接,图片
阿甘正传,9.5,美国,剧情,https://movie.douban.com/subject/1292720/,https://img9.doubanio.com/view/photo/s_ratio_poster/public/p1484728154.jpg
电影名,评分,地区,类型,链接,图片
辛德勒的名单,9.5,美国,剧情,https://movie.douban.com/subject/1295124/,https://img3.doubanio.com/view/photo/s_ratio_poster/public/p492406163.jpg
电影名,评分,地区,类型,链接,图片
控方证人,9.5,美国,剧情,https://movie.douban.com/subject/5294851/,https://img3.doubanio.com/view/photo/s_ratio_poster/public/p2367853261.jpg
电影名,评分,地区,类型,链接,图片
十二怒汉（电视版）,9.5,美国,剧情,https://movie.douban.com/subject/10583098/,https://img3.doubanio.com/view/photo/s_ratio_poster/public/p2153875961.jpg
电影名,评分,地区,类型,链接,图片
泰坦尼克号,9.4,美国,剧情,https://movie.douban.com/subject/1292722/,https://img9.doubanio.com/view/photo/s_ratio_poster/public/p457760035.jpg
电影名,评分,地区,类型,链接,图片
十二怒汉,9.4,美国,剧情,https://movie.douban.com/subject/1293182/,https://img3.doubanio.com/view/photo/s_ratio_poster/public/p2173577632.jpg
电影名,评分,地区,类型,链接,图片
唐顿庄园：2015圣诞特别篇,9.4,美国,剧情,https://movie.douban.com/subject/26320001/,https://img9.doubanio.com/view/photo/s_ratio_poster/public/p2292519115.jpg
电影名,评分,地区,类型,链接,图片
疑犯追踪 试播集,9.4,美国,剧情,https://movie.douban.com/subject/24700683/,https://img1.doubanio.com/view/photo/s_ratio_poster/public/p1974739828.jpg
电影名,评分,地区,类型,链接,图片
拜访森林,9.4,美国,剧情,https://movie.douban.com/subject/25741291/,https://img9.doubanio.com/view/photo/s_ratio_poster/public/p2155898916.jpg
电影名,评分,地区,类型,链接,图片
盗梦空间,9.3,美国,剧情,https://movie.douban.com/subject/3541415/,https://img9.doubanio.com/view/photo/s_ratio_poster/public/p513344864.jpg
电影名,评分,地区,类型,链接,图片
楚门的世界,9.3,美国,剧情,https://movie.douban.com/subject/1292064/,https://img3.doubanio.com/view/photo/s_ratio_poster/public/p479682972.jpg
电影名,评分,地区,类型,链接,图片
忠犬八公的故事,9.3,美国,剧情,https://movie.douban.com/subject/3011091/,https://img9.doubanio.com/view/photo/s_ratio_poster/public/p524964016.jpg
电影名,评分,地区,类型,链接,图片
星际穿越,9.3,美国,剧情,https://movie.douban.com/subject/1889243/,https://img3.doubanio.com/view/photo/s_ratio_poster/public/p2206088801.jpg
电影名,评分,地区,类型,链接,图片
教父,9.3,美国,剧情,https://movie.douban.com/subject/1291841/,https://img9.doubanio.com/view/photo/s_ratio_poster/public/p616779645.jpg
电影名,评分,地区,类型,链接,图片
乱世佳人,9.3,美国,剧情,https://movie.douban.com/subject/1300267/,https://img3.doubanio.com/view/photo/s_ratio_poster/public/p1963126880.jpg
电影名,评分,地区,类型,链接,图片
摩登时代,9.3,美国,剧情,https://movie.douban.com/subject/1294371/,https://img1.doubanio.com/view/photo/s_ratio_poster/public/p2263408369.jpg
电影名,评分,地区,类型,链接,图片
城市之光,9.3,美国,剧情,https://movie.douban.com/subject/1293908/,https://img1.doubanio.com/view/photo/s_ratio_poster/public/p2170238828.jpg
电影名,评分,地区,类型,链接,图片
生活多美好,9.3,美国,剧情,https://movie.douban.com/subject/1293749/,https://img1.doubanio.com/view/photo/s_ratio_poster/public/p771490367.jpg
电影名,评分,地区,类型,链接,图片
肖申克的救赎,9.7,美国,剧情,https://movie.douban.com/subject/1292052/,https://img3.doubanio.com/view/photo/s_ratio_poster/public/p480747492.jpg
电影名,评分,地区,类型,链接,图片
控方证人,9.6,美国,剧情,https://movie.douban.com/subject/1296141/,https://img1.doubanio.com/view/photo/s_ratio_poster/public/p1505392928.jpg
电影名,评分,地区,类型,链接,图片
阿甘正传,9.5,美国,剧情,https://movie.douban.com/subject/1292720/,https://img9.doubanio.com/view/photo/s_ratio_poster/public/p1484728154.jpg
电影名,评分,地区,类型,链接,图片
辛德勒的名单,9.5,美国,剧情,https://movie.douban.com/subject/1295124/,https://img3.doubanio.com/view/photo/s_ratio_poster/public/p492406163.jpg
电影名,评分,地区,类型,链接,图片
控方证人,9.5,美国,剧情,https://movie.douban.com/subject/5294851/,https://img3.doubanio.com/view/photo/s_ratio_poster/public/p2367853261.jpg
电影名,评分,地区,类型,链接,图片
十二怒汉（电视版）,9.5,美国,剧情,https://movie.douban.com/subject/10583098/,https://img3.doubanio.com/view/photo/s_ratio_poster/public/p2153875961.jpg
电影名,评分,地区,类型,链接,图片
泰坦尼克号,9.4,美国,剧情,https://movie.douban.com/subject/1292722/,https://img9.doubanio.com/view/photo/s_ratio_poster/public/p457760035.jpg
电影名,评分,地区,类型,链接,图片
十二怒汉,9.4,美国,剧情,https://movie.douban.com/subject/1293182/,https://img3.doubanio.com/view/photo/s_ratio_poster/public/p2173577632.jpg
电影名,评分,地区,类型,链接,图片
唐顿庄园：2015圣诞特别篇,9.4,美国,剧情,https://movie.douban.com/subject/26320001/,https://img9.doubanio.com/view/photo/s_ratio_poster/public/p2292519115.jpg
电影名,评分,地区,类型,链接,图片
疑犯追踪 试播集,9.4,美国,剧情,https://movie.douban.com/subject/24700683/,https://img1.doubanio.com/view/photo/s_ratio_poster/public/p1974739828.jpg
电影名,评分,地区,类型,链接,图片
拜访森林,9.4,美国,剧情,https://movie.douban.com/subject/25741291/,https://img9.doubanio.com/view/photo/s_ratio_poster/public/p2155898916.jpg
电影名,评分,地区,类型,链接,图片
盗梦空间,9.3,美国,剧情,https://movie.douban.com/subject/3541415/,https://img9.doubanio.com/view/photo/s_ratio_poster/public/p513344864.jpg
电影名,评分,地区,类型,链接,图片
楚门的世界,9.3,美国,剧情,https://movie.douban.com/subject/1292064/,https://img3.doubanio.com/view/photo/s_ratio_poster/public/p479682972.jpg
电影名,评分,地区,类型,链接,图片
忠犬八公的故事,9.3,美国,剧情,https://movie.douban.com/subject/3011091/,https://img9.doubanio.com/view/photo/s_ratio_poster/public/p524964016.jpg
电影名,评分,地区,类型,链接,图片
星际穿越,9.3,美国,剧情,https://movie.douban.com/subject/1889243/,https://img3.doubanio.com/view/photo/s_ratio_poster/public/p2206088801.jpg
电影名,评分,地区,类型,链接,图片
教父,9.3,美国,剧情,https://movie.douban.com/subject/1291841/,https://img9.doubanio.com/view/photo/s_ratio_poster/public/p616779645.jpg
电影名,评分,地区,类型,链接,图片
乱世佳人,9.3,美国,剧情,https://movie.douban.com/subject/1300267/,https://img3.doubanio.com/view/photo/s_ratio_poster/public/p1963126880.jpg
电影名,评分,地区,类型,链接,图片
摩登时代,9.3,美国,剧情,https://movie.douban.com/subject/1294371/,https://img1.doubanio.com/view/photo/s_ratio_poster/public/p2263408369.jpg
电影名,评分,地区,类型,链接,图片
城市之光,9.3,美国,剧情,https://movie.douban.com/subject/1293908/,https://img1.doubanio.com/view/photo/s_ratio_poster/public/p2170238828.jpg
电影名,评分,地区,类型,链接,图片
生活多美好,9.3,美国,剧情,https://movie.douban.com/subject/1293749/,https://img1.doubanio.com/view/photo/s_ratio_poster/public/p771490367.jpg
电影名,评分,地区,类型,链接,图片
肖申克的救赎,9.7,美国,剧情,https://movie.douban.com/subject/1292052/,https://img3.doubanio.com/view/photo/s_ratio_poster/public/p480747492.jpg
电影名,评分,地区,类型,链接,图片
控方证人,9.6,美国,剧情,https://movie.douban.com/subject/1296141/,https://img1.doubanio.com/view/photo/s_ratio_poster/public/p1505392928.jpg
电影名,评分,地区,类型,链接,图片
阿甘正传,9.5,美国,剧情,https://movie.douban.com/subject/1292720/,https://img9.doubanio.com/view/photo/s_ratio_poster/public/p1484728154.jpg
电影名,评分,地区,类型,链接,图片
辛德勒的名单,9.5,美国,剧情,https://movie.douban.com/subject/1295124/,https://img3.doubanio.com/view/photo/s_ratio_poster/public/p492406163.jpg
电影名,评分,地区,类型,链接,图片
控方证人,9.5,美国,剧情,https://movie.douban.com/subject/5294851/,https://img3.doubanio.com/view/photo/s_ratio_poster/public/p2367853261.jpg
电影名,评分,地区,类型,链接,图片
十二怒汉（电视版）,9.5,美国,剧情,https://movie.douban.com/subject/10583098/,https://img3.doubanio.com/view/photo/s_ratio_poster/public/p2153875961.jpg
电影名,评分,地区,类型,链接,图片
泰坦尼克号,9.4,美国,剧情,https://movie.douban.com/subject/1292722/,https://img9.doubanio.com/view/photo/s_ratio_poster/public/p457760035.jpg
电影名,评分,地区,类型,链接,图片
十二怒汉,9.4,美国,剧情,https://movie.douban.com/subject/1293182/,https://img3.doubanio.com/view/photo/s_ratio_poster/public/p2173577632.jpg
电影名,评分,地区,类型,链接,图片
唐顿庄园：2015圣诞特别篇,9.4,美国,剧情,https://movie.douban.com/subject/26320001/,https://img9.doubanio.com/view/photo/s_ratio_poster/public/p2292519115.jpg
电影名,评分,地区,类型,链接,图片
疑犯追踪 试播集,9.4,美国,剧情,https://movie.douban.com/subject/24700683/,https://img1.doubanio.com/view/photo/s_ratio_poster/public/p1974739828.jpg
电影名,评分,地区,类型,链接,图片
拜访森林,9.4,美国,剧情,https://movie.douban.com/subject/25741291/,https://img9.doubanio.com/view/photo/s_ratio_poster/public/p2155898916.jpg
电影名,评分,地区,类型,链接,图片
盗梦空间,9.3,美国,剧情,https://movie.douban.com/subject/3541415/,https://img9.doubanio.com/view/photo/s_ratio_poster/public/p513344864.jpg
电影名,评分,地区,类型,链接,图片
楚门的世界,9.3,美国,剧情,https://movie.douban.com/subject/1292064/,https://img3.doubanio.com/view/photo/s_ratio_poster/public/p479682972.jpg
电影名,评分,地区,类型,链接,图片
忠犬八公的故事,9.3,美国,剧情,https://movie.douban.com/subject/3011091/,https://img9.doubanio.com/view/photo/s_ratio_poster/public/p524964016.jpg
电影名,评分,地区,类型,链接,图片
星际穿越,9.3,美国,剧情,https://movie.douban.com/subject/1889243/,https://img3.doubanio.com/view/photo/s_ratio_poster/public/p2206088801.jpg
电影名,评分,地区,类型,链接,图片
教父,9.3,美国,剧情,https://movie.douban.com/subject/1291841/,https://img9.doubanio.com/view/photo/s_ratio_poster/public/p616779645.jpg
电影名,评分,地区,类型,链接,图片
乱世佳人,9.3,美国,剧情,https://movie.douban.com/subject/1300267/,https://img3.doubanio.com/view/photo/s_ratio_poster/public/p1963126880.jpg
电影名,评分,地区,类型,链接,图片
摩登时代,9.3,美国,剧情,https://movie.douban.com/subject/1294371/,https://img1.doubanio.com/view/photo/s_ratio_poster/public/p2263408369.jpg
电影名,评分,地区,类型,链接,图片
城市之光,9.3,美国,剧情,https://movie.douban.com/subject/1293908/,https://img1.doubanio.com/view/photo/s_ratio_poster/public/p2170238828.jpg
电影名,评分,地区,类型,链接,图片
生活多美好,9.3,美国,剧情,https://movie.douban.com/subject/1293749/,https://img1.doubanio.com/view/photo/s_ratio_poster/public/p771490367.jpg
